{
    "0": {
        "town id": 0,
        "map": [
            "..LLLLLL..",
            "..........",
            "L........L",
            "L........L",
            "L........L",
            "L........L",
            "L........L",
            "L........L",
            "..........",
            "..LLLLLL.."
        ],
        "origin": [
            1,
            1
        ]
    },
    "1": {
        "town id": 1,
        "map": [
            "..LLLLLLL..",
            "...........",
            "L.........L",
            "L.........L",
            "L.........L",
            "L.........L",
            "L.........L",
            "L.........L",
            "...........",
            "..LLLLLLL.."
        ],
        "origin": [
            12,
            1
        ]
    },
    "2": {
        "town id": 2,
        "map": [
            "..LLLLLL..",
            "..........",
            "L........L",
            "L........L",
            "L........L",
            "L........L",
            "L........L",
            "L........L",
            "..........",
            "..LLLLLL.."
        ],
        "origin": [
            24,
            1
        ]
    },
    "3": {
        "town id": 3,
        "map": [
            "..LLLLLLL..",
            "...........",
            "L.........L",
            "L.........L",
            "L.........L",
            "L.........L",
            "L.........L",
            "L.........L",
            "...........",
            "..LLLLLLL.."
        ],
        "origin": [
            35,
            1
        ]
    },
    "4": {
        "town id": 4,
        "map": [
            "..LLLLLLL..",
            "...........",
            "L.........L",
            "L.........L",
            "L.........L",
            "L.........L",
            "L.........L",
            "L.........L",
            "...........",
            "..LLLLLLL.."
        ],
        "origin": [
            47,
            1
        ]
    },
    "5": {
        "town id": 5,
        "map": [
            "..LLLLLL..",
            "..........",
            "L........L",
            "L........L",
            "L........L",
            "L........L",
            "L........L",
            "L........L",
            "..........",
            "..LLLLLL.."
        ],
        "origin": [
            59,
            1
        ]
    },
    "6": {
        "town id": 6,
        "map": [
            "..LLLLLLL..",
            "...........",
            "L.........L",
            "L.........L",
            "L.........L",
            "L.........L",
            "L.........L",
            "L.........L",
            "...........",
            "..LLLLLLL.."
        ],
        "origin": [
            70,
            1
        ]
    },
    "7": {
        "town id": 7,
        "map": [
            "..LLLLLLL..",
            "...........",
            "L.........L",
            "L.........L",
            "L.........L",
            "L.........L",
            "L.........L",
            "L.........L",
            "...........",
            "..LLLLLLL.."
        ],
        "origin": [
            82,
            1
        ]
    },
    "8": {
        "town id": 8,
        "map": [
            "..LLLLLL..",
            "..........",
            "L........L",
            "L........L",
            "L........L",
            "L........L",
            "L........L",
            "L........L",
            "..........",
            "..LLLLLL.."
        ],
        "origin": [
            94,
            1
        ]
    },
    "9": {
        "town id": 9,
        "map": [
            "..LLLLLLL..",
            "...........",
            "L.........L",
            "L.........L",
            "L.........L",
            "L.........L",
            "L.........L",
            "L.........L",
            "...........",
            "..LLLLLLL.."
        ],
        "origin": [
            105,
            1
        ]
    },
    "10": {
        "town id": 10,
        "map": [
            "..LLLLLL..",
            "..........",
            "L........L",
            "L........L",
            "L........L",
            "L........L",
            "L........L",
            "L........L",
            "..........",
            "..LLLLLL.."
        ],
        "origin": [
            117,
            1
        ]
    },
    "11": {
        "town id": 11,
        "map": [
            "..LLLLLL..",
            "..........",
            "L........L",
            "L........L",
            "L........L",
            "L........L",
            "L........L",
            "L........L",
            "L........L",
            "..........",
            "..LLLLLL.."
        ],
        "origin": [
            1,
            12
        ]
    },
    "12": {
        "town id": 12,
        "map": [
            "..LLLLLLL..",
            "...........",
            "L.........L",
            "L.........L",
            "L.........L",
            "L.........L",
            "L.........L",
            "L.........L",
            "L.........L",
            "...........",
            "..LLLLLLL.."
        ],
        "origin": [
            12,
            12
        ]
    },
    "13": {
        "town id": 13,
        "map": [
            "..LLLLLL..",
            "..........",
            "L........L",
            "L........L",
            "L........L",
            "L........L",
            "L........L",
            "L........L",
            "L........L",
            "..........",
            "..LLLLLL.."
        ],
        "origin": [
            24,
            12
        ]
    },
    "14": {
        "town id": 14,
        "map": [
            "..LLLLLLL..",
            "...........",
            "L.........L",
            "L.........L",
            "L.........L",
            "L.........L",
            "L.........L",
            "L.........L",
            "L.........L",
            "...........",
            "..LLLLLLL.."
        ],
        "origin": [
            35,
            12
        ]
    },
    "15": {
        "town id": 15,
        "map": [
            "..LLLLLLL..",
            "...........",
            "L.........L",
            "L.........L",
            "L.........L",
            "L.........L",
            "L.........L",
            "L.........L",
            "L.........L",
            "...........",
            "..LLLLLLL.."
        ],
        "origin": [
            47,
            12
        ]
    },
    "16": {
        "town id": 16,
        "map": [
            "..LLLLLL..",
            "..........",
            "L........L",
            "L........L",
            "L........L",
            "L........L",
            "L........L",
            "L........L",
            "L........L",
            "..........",
            "..LLLLLL.."
        ],
        "origin": [
            59,
            12
        ]
    },
    "17": {
        "town id": 17,
        "map": [
            "..LLLLLLL..",
            "...........",
            "L.........L",
            "L.........L",
            "L.........L",
            "L.........L",
            "L.........L",
            "L.........L",
            "L.........L",
            "...........",
            "..LLLLLLL.."
        ],
        "origin": [
            70,
            12
        ]
    },
    "18": {
        "town id": 18,
        "map": [
            "..LLLLLLL..",
            "...........",
            "L.........L",
            "L.........L",
            "L.........L",
            "L.........L",
            "L.........L",
            "L.........L",
            "L.........L",
            "...........",
            "..LLLLLLL.."
        ],
        "origin": [
            82,
            12
        ]
    },
    "19": {
        "town id": 19,
        "map": [
            "..LLLLLL..",
            "..........",
            "L........L",
            "L........L",
            "L........L",
            "L........L",
            "L........L",
            "L........L",
            "L........L",
            "..........",
            "..LLLLLL.."
        ],
        "origin": [
            94,
            12
        ]
    },
    "20": {
        "town id": 20,
        "map": [
            "..LLLLLLL..",
            "...........",
            "L.........L",
            "L.........L",
            "L.........L",
            "L.........L",
            "L.........L",
            "L.........L",
            "L.........L",
            "...........",
            "..LLLLLLL.."
        ],
        "origin": [
            105,
            12
        ]
    },
    "21": {
        "town id": 21,
        "map": [
            "..LLLLLL..",
            "..........",
            "L........L",
            "L........L",
            "L........L",
            "L........L",
            "L........L",
            "L........L",
            "L........L",
            "..........",
            "..LLLLLL.."
        ],
        "origin": [
            117,
            12
        ]
    },
    "22": {
        "town id": 22,
        "map": [
            "..LLLLLL..",
            "..........",
            "L........L",
            "L........L",
            "L........L",
            "L........L",
            "L........L",
            "L........L",
            "..........",
            "..LLLLLL.."
        ],
        "origin": [
            1,
            24
        ]
    },
    "23": {
        "town id": 23,
        "map": [
            "..LLLLLLL..",
            "...........",
            "L.........L",
            "L.........L",
            "L.........L",
            "L.........L",
            "L.........L",
            "L.........L",
            "...........",
            "..LLLLLLL.."
        ],
        "origin": [
            12,
            24
        ]
    },
    "24": {
        "town id": 24,
        "map": [
            "..LLLLLL..",
            "..........",
            "L........L",
            "L........L",
            "L........L",
            "L........L",
            "L........L",
            "L........L",
            "..........",
            "..LLLLLL.."
        ],
        "origin": [
            24,
            24
        ]
    },
    "25": {
        "town id": 25,
        "map": [
            "..LLLLLLL..",
            "...........",
            "L.........L",
            "L.........L",
            "L.........L",
            "L.........L",
            "L.........L",
            "L.........L",
            "...........",
            "..LLLLLLL.."
        ],
        "origin": [
            35,
            24
        ]
    },
    "26": {
        "town id": 26,
        "map": [
            "..LLLLLLL..",
            "...........",
            "L.........L",
            "L.........L",
            "L.........L",
            "L.........L",
            "L.........L",
            "L.........L",
            "...........",
            "..LLLLLLL.."
        ],
        "origin": [
            47,
            24
        ]
    },
    "27": {
        "town id": 27,
        "map": [
            "..LLLLLL..",
            "..........",
            "L........L",
            "L........L",
            "L........L",
            "L........L",
            "L........L",
            "L........L",
            "..........",
            "..LLLLLL.."
        ],
        "origin": [
            59,
            24
        ]
    },
    "28": {
        "town id": 28,
        "map": [
            "..LLLLLLL..",
            "...........",
            "L.........L",
            "L.........L",
            "L.........L",
            "L.........L",
            "L.........L",
            "L.........L",
            "...........",
            "..LLLLLLL.."
        ],
        "origin": [
            70,
            24
        ]
    },
    "29": {
        "town id": 29,
        "map": [
            "..LLLLLLL..",
            "...........",
            "L.........L",
            "L.........L",
            "L.........L",
            "L.........L",
            "L.........L",
            "L.........L",
            "...........",
            "..LLLLLLL.."
        ],
        "origin": [
            82,
            24
        ]
    },
    "30": {
        "town id": 30,
        "map": [
            "..LLLLLL..",
            "..........",
            "L........L",
            "L........L",
            "L........L",
            "L........L",
            "L........L",
            "L........L",
            "..........",
            "..LLLLLL.."
        ],
        "origin": [
            94,
            24
        ]
    },
    "31": {
        "town id": 31,
        "map": [
            "..LLLLLLL..",
            "...........",
            "L.........L",
            "L.........L",
            "L.........L",
            "L.........L",
            "L.........L",
            "L.........L",
            "...........",
            "..LLLLLLL.."
        ],
        "origin": [
            105,
            24
        ]
    },
    "32": {
        "town id": 32,
        "map": [
            "..LLLLLL..",
            "..........",
            "L........L",
            "L........L",
            "L........L",
            "L........L",
            "L........L",
            "L........L",
            "..........",
            "..LLLLLL.."
        ],
        "origin": [
            117,
            24
        ]
    },
    "33": {
        "town id": 33,
        "map": [
            "..LLLLLL..",
            "..........",
            "L........L",
            "L........L",
            "L........L",
            "L........L",
            "L........L",
            "L........L",
            "L........L",
            "..........",
            "..LLLLLL.."
        ],
        "origin": [
            1,
            35
        ]
    },
    "34": {
        "town id": 34,
        "map": [
            "..LLLLLLL..",
            "...........",
            "L.........L",
            "L.........L",
            "L.........L",
            "L.........L",
            "L.........L",
            "L.........L",
            "L.........L",
            "...........",
            "..LLLLLLL.."
        ],
        "origin": [
            12,
            35
        ]
    },
    "35": {
        "town id": 35,
        "map": [
            "..LLLLLL..",
            "..........",
            "L........L",
            "L........L",
            "L........L",
            "L........L",
            "L........L",
            "L........L",
            "L........L",
            "..........",
            "..LLLLLL.."
        ],
        "origin": [
            24,
            35
        ]
    },
    "36": {
        "town id": 36,
        "map": [
            "..LLLLLLL..",
            "...........",
            "L.........L",
            "L.........L",
            "L.........L",
            "L.........L",
            "L.........L",
            "L.........L",
            "L.........L",
            "...........",
            "..LLLLLLL.."
        ],
        "origin": [
            35,
            35
        ]
    },
    "37": {
        "town id": 37,
        "map": [
            "..LLLLLLL..",
            "...........",
            "L.........L",
            "L.........L",
            "L.........L",
            "L.........L",
            "L.........L",
            "L.........L",
            "L.........L",
            "...........",
            "..LLLLLLL.."
        ],
        "origin": [
            47,
            35
        ]
    },
    "38": {
        "town id": 38,
        "map": [
            "..LLLLLL..",
            "..........",
            "L........L",
            "L........L",
            "L........L",
            "L........L",
            "L........L",
            "L........L",
            "L........L",
            "..........",
            "..LLLLLL.."
        ],
        "origin": [
            59,
            35
        ]
    },
    "39": {
        "town id": 39,
        "map": [
            "..LLLLLLL..",
            "...........",
            "L.........L",
            "L.........L",
            "L.........L",
            "L.........L",
            "L.........L",
            "L.........L",
            "L.........L",
            "...........",
            "..LLLLLLL.."
        ],
        "origin": [
            70,
            35
        ]
    },
    "40": {
        "town id": 40,
        "map": [
            "..LLLLLLL..",
            "...........",
            "L.........L",
            "L.........L",
            "L.........L",
            "L.........L",
            "L.........L",
            "L.........L",
            "L.........L",
            "...........",
            "..LLLLLLL.."
        ],
        "origin": [
            82,
            35
        ]
    },
    "41": {
        "town id": 41,
        "map": [
            "..LLLLLL..",
            "..........",
            "L........L",
            "L........L",
            "L........L",
            "L........L",
            "L........L",
            "L........L",
            "L........L",
            "..........",
            "..LLLLLL.."
        ],
        "origin": [
            94,
            35
        ]
    },
    "42": {
        "town id": 42,
        "map": [
            "..LLLLLLL..",
            "...........",
            "L.........L",
            "L.........L",
            "L.........L",
            "L.........L",
            "L.........L",
            "L.........L",
            "L.........L",
            "...........",
            "..LLLLLLL.."
        ],
        "origin": [
            105,
            35
        ]
    },
    "43": {
        "town id": 43,
        "map": [
            "..LLLLLL..",
            "..........",
            "L........L",
            "L........L",
            "L........L",
            "L........L",
            "L........L",
            "L........L",
            "L........L",
            "..........",
            "..LLLLLL.."
        ],
        "origin": [
            117,
            35
        ]
    },
    "44": {
        "town id": 44,
        "map": [
            "..LLLLLL..",
            "..........",
            "L........L",
            "L........L",
            "L........L",
            "L........L",
            "L........L",
            "L........L",
            "L........L",
            "..........",
            "..LLLLLL.."
        ],
        "origin": [
            1,
            47
        ]
    },
    "45": {
        "town id": 45,
        "map": [
            "..LLLLLLL..",
            "...........",
            "L.........L",
            "L.........L",
            "L.........L",
            "L.........L",
            "L.........L",
            "L.........L",
            "L.........L",
            "...........",
            "..LLLLLLL.."
        ],
        "origin": [
            12,
            47
        ]
    },
    "46": {
        "town id": 46,
        "map": [
            "..LLLLLL..",
            "..........",
            "L........L",
            "L........L",
            "L........L",
            "L........L",
            "L........L",
            "L........L",
            "L........L",
            "..........",
            "..LLLLLL.."
        ],
        "origin": [
            24,
            47
        ]
    },
    "47": {
        "town id": 47,
        "map": [
            "..LLLLLLL..",
            "...........",
            "L.........L",
            "L.........L",
            "L.........L",
            "L.........L",
            "L.........L",
            "L.........L",
            "L.........L",
            "...........",
            "..LLLLLLL.."
        ],
        "origin": [
            35,
            47
        ]
    },
    "48": {
        "town id": 48,
        "map": [
            "..LLLLLLL..",
            "...........",
            "L.........L",
            "L.........L",
            "L.........L",
            "L.........L",
            "L.........L",
            "L.........L",
            "L.........L",
            "...........",
            "..LLLLLLL.."
        ],
        "origin": [
            47,
            47
        ]
    },
    "49": {
        "town id": 49,
        "map": [
            "..LLLLLL..",
            "..........",
            "L........L",
            "L........L",
            "L........L",
            "L........L",
            "L........L",
            "L........L",
            "L........L",
            "..........",
            "..LLLLLL.."
        ],
        "origin": [
            59,
            47
        ]
    },
    "50": {
        "town id": 50,
        "map": [
            "..LLLLLLL..",
            "...........",
            "L.........L",
            "L.........L",
            "L.........L",
            "L.........L",
            "L.........L",
            "L.........L",
            "L.........L",
            "...........",
            "..LLLLLLL.."
        ],
        "origin": [
            70,
            47
        ]
    },
    "51": {
        "town id": 51,
        "map": [
            "..LLLLLLL..",
            "...........",
            "L.........L",
            "L.........L",
            "L.........L",
            "L.........L",
            "L.........L",
            "L.........L",
            "L.........L",
            "...........",
            "..LLLLLLL.."
        ],
        "origin": [
            82,
            47
        ]
    },
    "52": {
        "town id": 52,
        "map": [
            "..LLLLLL..",
            "..........",
            "L........L",
            "L........L",
            "L........L",
            "L........L",
            "L........L",
            "L........L",
            "L........L",
            "..........",
            "..LLLLLL.."
        ],
        "origin": [
            94,
            47
        ]
    },
    "53": {
        "town id": 53,
        "map": [
            "..LLLLLLL..",
            "...........",
            "L.........L",
            "L.........L",
            "L.........L",
            "L.........L",
            "L.........L",
            "L.........L",
            "L.........L",
            "...........",
            "..LLLLLLL.."
        ],
        "origin": [
            105,
            47
        ]
    },
    "54": {
        "town id": 54,
        "map": [
            "..LLLLLL..",
            "..........",
            "L........L",
            "L........L",
            "L........L",
            "L........L",
            "L........L",
            "L........L",
            "L........L",
            "..........",
            "..LLLLLL.."
        ],
        "origin": [
            117,
            47
        ]
    },
    "55": {
        "town id": 55,
        "map": [
            "..LLLLLL..",
            "..........",
            "L........L",
            "L........L",
            "L........L",
            "L........L",
            "L........L",
            "L........L",
            "..........",
            "..LLLLLL.."
        ],
        "origin": [
            1,
            59
        ]
    },
    "56": {
        "town id": 56,
        "map": [
            "..LLLLLLL..",
            "...........",
            "L.........L",
            "L.........L",
            "L.........L",
            "L.........L",
            "L.........L",
            "L.........L",
            "...........",
            "..LLLLLLL.."
        ],
        "origin": [
            12,
            59
        ]
    },
    "57": {
        "town id": 57,
        "map": [
            "..LLLLLL..",
            "..........",
            "L........L",
            "L........L",
            "L........L",
            "L........L",
            "L........L",
            "L........L",
            "..........",
            "..LLLLLL.."
        ],
        "origin": [
            24,
            59
        ]
    },
    "58": {
        "town id": 58,
        "map": [
            "..LLLLLLL..",
            "...........",
            "L.........L",
            "L.........L",
            "L.........L",
            "L.........L",
            "L.........L",
            "L.........L",
            "...........",
            "..LLLLLLL.."
        ],
        "origin": [
            35,
            59
        ]
    },
    "59": {
        "town id": 59,
        "map": [
            "..LLLLLLL..",
            "...........",
            "L.........L",
            "L.........L",
            "L.........L",
            "L.........L",
            "L.........L",
            "L.........L",
            "...........",
            "..LLLLLLL.."
        ],
        "origin": [
            47,
            59
        ]
    },
    "60": {
        "town id": 60,
        "map": [
            "..LLLLLL..",
            "..........",
            "L........L",
            "L........L",
            "L........L",
            "L........L",
            "L........L",
            "L........L",
            "..........",
            "..LLLLLL.."
        ],
        "origin": [
            59,
            59
        ]
    },
    "61": {
        "town id": 61,
        "map": [
            "..LLLLLLL..",
            "...........",
            "L.........L",
            "L.........L",
            "L.........L",
            "L.........L",
            "L.........L",
            "L.........L",
            "...........",
            "..LLLLLLL.."
        ],
        "origin": [
            70,
            59
        ]
    },
    "62": {
        "town id": 62,
        "map": [
            "..LLLLLLL..",
            "...........",
            "L.........L",
            "L.........L",
            "L.........L",
            "L.........L",
            "L.........L",
            "L.........L",
            "...........",
            "..LLLLLLL.."
        ],
        "origin": [
            82,
            59
        ]
    },
    "63": {
        "town id": 63,
        "map": [
            "..LLLLLL..",
            "..........",
            "L........L",
            "L........L",
            "L........L",
            "L........L",
            "L........L",
            "L........L",
            "..........",
            "..LLLLLL.."
        ],
        "origin": [
            94,
            59
        ]
    },
    "64": {
        "town id": 64,
        "map": [
            "..LLLLLLL..",
            "...........",
            "L.........L",
            "L.........L",
            "L.........L",
            "L.........L",
            "L.........L",
            "L.........L",
            "...........",
            "..LLLLLLL.."
        ],
        "origin": [
            105,
            59
        ]
    },
    "65": {
        "town id": 65,
        "map": [
            "..LLLLLL..",
            "..........",
            "L........L",
            "L........L",
            "L........L",
            "L........L",
            "L........L",
            "L........L",
            "..........",
            "..LLLLLL.."
        ],
        "origin": [
            117,
            59
        ]
    },
    "66": {
        "town id": 66,
        "map": [
            "..LLLLLL..",
            "..........",
            "L........L",
            "L........L",
            "L........L",
            "L........L",
            "L........L",
            "L........L",
            "L........L",
            "..........",
            "..LLLLLL.."
        ],
        "origin": [
            1,
            70
        ]
    },
    "67": {
        "town id": 67,
        "map": [
            "..LLLLLLL..",
            "...........",
            "L.........L",
            "L.........L",
            "L.........L",
            "L.........L",
            "L.........L",
            "L.........L",
            "L.........L",
            "...........",
            "..LLLLLLL.."
        ],
        "origin": [
            12,
            70
        ]
    },
    "68": {
        "town id": 68,
        "map": [
            "..LLLLLL..",
            "..........",
            "L........L",
            "L........L",
            "L........L",
            "L........L",
            "L........L",
            "L........L",
            "L........L",
            "..........",
            "..LLLLLL.."
        ],
        "origin": [
            24,
            70
        ]
    },
    "69": {
        "town id": 69,
        "map": [
            "..LLLLLLL..",
            "...........",
            "L.........L",
            "L.........L",
            "L.........L",
            "L.........L",
            "L.........L",
            "L.........L",
            "L.........L",
            "...........",
            "..LLLLLLL.."
        ],
        "origin": [
            35,
            70
        ]
    },
    "70": {
        "town id": 70,
        "map": [
            "..LLLLLLL..",
            "...........",
            "L.........L",
            "L.........L",
            "L.........L",
            "L.........L",
            "L.........L",
            "L.........L",
            "L.........L",
            "...........",
            "..LLLLLLL.."
        ],
        "origin": [
            47,
            70
        ]
    },
    "71": {
        "town id": 71,
        "map": [
            "..LLLLLL..",
            "..........",
            "L........L",
            "L........L",
            "L........L",
            "L........L",
            "L........L",
            "L........L",
            "L........L",
            "..........",
            "..LLLLLL.."
        ],
        "origin": [
            59,
            70
        ]
    },
    "72": {
        "town id": 72,
        "map": [
            "..LLLLLLL..",
            "...........",
            "L.........L",
            "L.........L",
            "L.........L",
            "L.........L",
            "L.........L",
            "L.........L",
            "L.........L",
            "...........",
            "..LLLLLLL.."
        ],
        "origin": [
            70,
            70
        ]
    },
    "73": {
        "town id": 73,
        "map": [
            "..LLLLLLL..",
            "...........",
            "L.........L",
            "L.........L",
            "L.........L",
            "L.........L",
            "L.........L",
            "L.........L",
            "L.........L",
            "...........",
            "..LLLLLLL.."
        ],
        "origin": [
            82,
            70
        ]
    },
    "74": {
        "town id": 74,
        "map": [
            "..LLLLLL..",
            "..........",
            "L........L",
            "L........L",
            "L........L",
            "L........L",
            "L........L",
            "L........L",
            "L........L",
            "..........",
            "..LLLLLL.."
        ],
        "origin": [
            94,
            70
        ]
    },
    "75": {
        "town id": 75,
        "map": [
            "..LLLLLLL..",
            "...........",
            "L.........L",
            "L.........L",
            "L.........L",
            "L.........L",
            "L.........L",
            "L.........L",
            "L.........L",
            "...........",
            "..LLLLLLL.."
        ],
        "origin": [
            105,
            70
        ]
    },
    "76": {
        "town id": 76,
        "map": [
            "..LLLLLL..",
            "..........",
            "L........L",
            "L........L",
            "L........L",
            "L........L",
            "L........L",
            "L........L",
            "L........L",
            "..........",
            "..LLLLLL.."
        ],
        "origin": [
            117,
            70
        ]
    },
    "77": {
        "town id": 77,
        "map": [
            "..LLLLLL..",
            "..........",
            "L........L",
            "L........L",
            "L........L",
            "L........L",
            "L........L",
            "L........L",
            "L........L",
            "..........",
            "..LLLLLL.."
        ],
        "origin": [
            1,
            82
        ]
    },
    "78": {
        "town id": 78,
        "map": [
            "..LLLLLLL..",
            "...........",
            "L.........L",
            "L.........L",
            "L.........L",
            "L.........L",
            "L.........L",
            "L.........L",
            "L.........L",
            "...........",
            "..LLLLLLL.."
        ],
        "origin": [
            12,
            82
        ]
    },
    "79": {
        "town id": 79,
        "map": [
            "..LLLLLL..",
            "..........",
            "L........L",
            "L........L",
            "L........L",
            "L........L",
            "L........L",
            "L........L",
            "L........L",
            "..........",
            "..LLLLLL.."
        ],
        "origin": [
            24,
            82
        ]
    },
    "80": {
        "town id": 80,
        "map": [
            "..LLLLLLL..",
            "...........",
            "L.........L",
            "L.........L",
            "L.........L",
            "L.........L",
            "L.........L",
            "L.........L",
            "L.........L",
            "...........",
            "..LLLLLLL.."
        ],
        "origin": [
            35,
            82
        ]
    },
    "81": {
        "town id": 81,
        "map": [
            "..LLLLLLL..",
            "...........",
            "L.........L",
            "L.........L",
            "L.........L",
            "L.........L",
            "L.........L",
            "L.........L",
            "L.........L",
            "...........",
            "..LLLLLLL.."
        ],
        "origin": [
            47,
            82
        ]
    },
    "82": {
        "town id": 82,
        "map": [
            "..LLLLLL..",
            "..........",
            "L........L",
            "L........L",
            "L........L",
            "L........L",
            "L........L",
            "L........L",
            "L........L",
            "..........",
            "..LLLLLL.."
        ],
        "origin": [
            59,
            82
        ]
    },
    "83": {
        "town id": 83,
        "map": [
            "..LLLLLLL..",
            "...........",
            "L.........L",
            "L.........L",
            "L.........L",
            "L.........L",
            "L.........L",
            "L.........L",
            "L.........L",
            "...........",
            "..LLLLLLL.."
        ],
        "origin": [
            70,
            82
        ]
    },
    "84": {
        "town id": 84,
        "map": [
            "..LLLLLLL..",
            "...........",
            "L.........L",
            "L.........L",
            "L.........L",
            "L.........L",
            "L.........L",
            "L.........L",
            "L.........L",
            "...........",
            "..LLLLLLL.."
        ],
        "origin": [
            82,
            82
        ]
    },
    "85": {
        "town id": 85,
        "map": [
            "..LLLLLL..",
            "..........",
            "L........L",
            "L........L",
            "L........L",
            "L........L",
            "L........L",
            "L........L",
            "L........L",
            "..........",
            "..LLLLLL.."
        ],
        "origin": [
            94,
            82
        ]
    },
    "86": {
        "town id": 86,
        "map": [
            "..LLLLLLL..",
            "...........",
            "L.........L",
            "L.........L",
            "L.........L",
            "L.........L",
            "L.........L",
            "L.........L",
            "L.........L",
            "...........",
            "..LLLLLLL.."
        ],
        "origin": [
            105,
            82
        ]
    },
    "87": {
        "town id": 87,
        "map": [
            "..LLLLLL..",
            "..........",
            "L........L",
            "L........L",
            "L........L",
            "L........L",
            "L........L",
            "L........L",
            "L........L",
            "..........",
            "..LLLLLL.."
        ],
        "origin": [
            117,
            82
        ]
    },
    "88": {
        "town id": 88,
        "map": [
            "..LLLLLL..",
            "..........",
            "L........L",
            "L........L",
            "L........L",
            "L........L",
            "L........L",
            "L........L",
            "..........",
            "..LLLLLL.."
        ],
        "origin": [
            1,
            94
        ]
    },
    "89": {
        "town id": 89,
        "map": [
            "..LLLLLLL..",
            "...........",
            "L.........L",
            "L.........L",
            "L.........L",
            "L.........L",
            "L.........L",
            "L.........L",
            "...........",
            "..LLLLLLL.."
        ],
        "origin": [
            12,
            94
        ]
    },
    "90": {
        "town id": 90,
        "map": [
            "..LLLLLL..",
            "..........",
            "L........L",
            "L........L",
            "L........L",
            "L........L",
            "L........L",
            "L........L",
            "..........",
            "..LLLLLL.."
        ],
        "origin": [
            24,
            94
        ]
    },
    "91": {
        "town id": 91,
        "map": [
            "..LLLLLLL..",
            "...........",
            "L.........L",
            "L.........L",
            "L.........L",
            "L.........L",
            "L.........L",
            "L.........L",
            "...........",
            "..LLLLLLL.."
        ],
        "origin": [
            35,
            94
        ]
    },
    "92": {
        "town id": 92,
        "map": [
            "..LLLLLLL..",
            "...........",
            "L.........L",
            "L.........L",
            "L.........L",
            "L.........L",
            "L.........L",
            "L.........L",
            "...........",
            "..LLLLLLL.."
        ],
        "origin": [
            47,
            94
        ]
    },
    "93": {
        "town id": 93,
        "map": [
            "..LLLLLL..",
            "..........",
            "L........L",
            "L........L",
            "L........L",
            "L........L",
            "L........L",
            "L........L",
            "..........",
            "..LLLLLL.."
        ],
        "origin": [
            59,
            94
        ]
    },
    "94": {
        "town id": 94,
        "map": [
            "..LLLLLLL..",
            "...........",
            "L.........L",
            "L.........L",
            "L.........L",
            "L.........L",
            "L.........L",
            "L.........L",
            "...........",
            "..LLLLLLL.."
        ],
        "origin": [
            70,
            94
        ]
    },
    "95": {
        "town id": 95,
        "map": [
            "..LLLLLLL..",
            "...........",
            "L.........L",
            "L.........L",
            "L.........L",
            "L.........L",
            "L.........L",
            "L.........L",
            "...........",
            "..LLLLLLL.."
        ],
        "origin": [
            82,
            94
        ]
    },
    "96": {
        "town id": 96,
        "map": [
            "..LLLLLL..",
            "..........",
            "L........L",
            "L........L",
            "L........L",
            "L........L",
            "L........L",
            "L........L",
            "..........",
            "..LLLLLL.."
        ],
        "origin": [
            94,
            94
        ]
    },
    "97": {
        "town id": 97,
        "map": [
            "..LLLLLLL..",
            "...........",
            "L.........L",
            "L.........L",
            "L.........L",
            "L.........L",
            "L.........L",
            "L.........L",
            "...........",
            "..LLLLLLL.."
        ],
        "origin": [
            105,
            94
        ]
    },
    "98": {
        "town id": 98,
        "map": [
            "..LLLLLL..",
            "..........",
            "L........L",
            "L........L",
            "L........L",
            "L........L",
            "L........L",
            "L........L",
            "..........",
            "..LLLLLL.."
        ],
        "origin": [
            117,
            94
        ]
    },
    "99": {
        "town id": 99,
        "map": [
            "..LLLLLL..",
            "..........",
            "L........L",
            "L........L",
            "L........L",
            "L........L",
            "L........L",
            "L........L",
            "L........L",
            "..........",
            "..LLLLLL.."
        ],
        "origin": [
            1,
            105
        ]
    },
    "100": {
        "town id": 100,
        "map": [
            "..LLLLLLL..",
            "...........",
            "L.........L",
            "L.........L",
            "L.........L",
            "L.........L",
            "L.........L",
            "L.........L",
            "L.........L",
            "...........",
            "..LLLLLLL.."
        ],
        "origin": [
            12,
            105
        ]
    },
    "101": {
        "town id": 101,
        "map": [
            "..LLLLLL..",
            "..........",
            "L........L",
            "L........L",
            "L........L",
            "L........L",
            "L........L",
            "L........L",
            "L........L",
            "..........",
            "..LLLLLL.."
        ],
        "origin": [
            24,
            105
        ]
    },
    "102": {
        "town id": 102,
        "map": [
            "..LLLLLLL..",
            "...........",
            "L.........L",
            "L.........L",
            "L.........L",
            "L.........L",
            "L.........L",
            "L.........L",
            "L.........L",
            "...........",
            "..LLLLLLL.."
        ],
        "origin": [
            35,
            105
        ]
    },
    "103": {
        "town id": 103,
        "map": [
            "..LLLLLLL..",
            "...........",
            "L.........L",
            "L.........L",
            "L.........L",
            "L.........L",
            "L.........L",
            "L.........L",
            "L.........L",
            "...........",
            "..LLLLLLL.."
        ],
        "origin": [
            47,
            105
        ]
    },
    "104": {
        "town id": 104,
        "map": [
            "..LLLLLL..",
            "..........",
            "L........L",
            "L........L",
            "L........L",
            "L........L",
            "L........L",
            "L........L",
            "L........L",
            "..........",
            "..LLLLLL.."
        ],
        "origin": [
            59,
            105
        ]
    },
    "105": {
        "town id": 105,
        "map": [
            "..LLLLLLL..",
            "...........",
            "L.........L",
            "L.........L",
            "L.........L",
            "L.........L",
            "L.........L",
            "L.........L",
            "L.........L",
            "...........",
            "..LLLLLLL.."
        ],
        "origin": [
            70,
            105
        ]
    },
    "106": {
        "town id": 106,
        "map": [
            "..LLLLLLL..",
            "...........",
            "L.........L",
            "L.........L",
            "L.........L",
            "L.........L",
            "L.........L",
            "L.........L",
            "L.........L",
            "...........",
            "..LLLLLLL.."
        ],
        "origin": [
            82,
            105
        ]
    },
    "107": {
        "town id": 107,
        "map": [
            "..LLLLLL..",
            "..........",
            "L........L",
            "L........L",
            "L........L",
            "L........L",
            "L........L",
            "L........L",
            "L........L",
            "..........",
            "..LLLLLL.."
        ],
        "origin": [
            94,
            105
        ]
    },
    "108": {
        "town id": 108,
        "map": [
            "..LLLLLLL..",
            "...........",
            "L.........L",
            "L.........L",
            "L.........L",
            "L.........L",
            "L.........L",
            "L.........L",
            "L.........L",
            "...........",
            "..LLLLLLL.."
        ],
        "origin": [
            105,
            105
        ]
    },
    "109": {
        "town id": 109,
        "map": [
            "..LLLLLL..",
            "..........",
            "L........L",
            "L........L",
            "L........L",
            "L........L",
            "L........L",
            "L........L",
            "L........L",
            "..........",
            "..LLLLLL.."
        ],
        "origin": [
            117,
            105
        ]
    },
    "110": {
        "town id": 110,
        "map": [
            "..LLLLLL..",
            "..........",
            "L........L",
            "L........L",
            "L........L",
            "L........L",
            "L........L",
            "L........L",
            "..........",
            "..LLLLLL.."
        ],
        "origin": [
            1,
            117
        ]
    },
    "111": {
        "town id": 111,
        "map": [
            "..LLLLLLL..",
            "...........",
            "L.........L",
            "L.........L",
            "L.........L",
            "L.........L",
            "L.........L",
            "L.........L",
            "...........",
            "..LLLLLLL.."
        ],
        "origin": [
            12,
            117
        ]
    },
    "112": {
        "town id": 112,
        "map": [
            "..LLLLLL..",
            "..........",
            "L........L",
            "L........L",
            "L........L",
            "L........L",
            "L........L",
            "L........L",
            "..........",
            "..LLLLLL.."
        ],
        "origin": [
            24,
            117
        ]
    },
    "113": {
        "town id": 113,
        "map": [
            "..LLLLLLL..",
            "...........",
            "L.........L",
            "L.........L",
            "L.........L",
            "L.........L",
            "L.........L",
            "L.........L",
            "...........",
            "..LLLLLLL.."
        ],
        "origin": [
            35,
            117
        ]
    },
    "114": {
        "town id": 114,
        "map": [
            "..LLLLLLL..",
            "...........",
            "L.........L",
            "L.........L",
            "L.........L",
            "L.........L",
            "L.........L",
            "L.........L",
            "...........",
            "..LLLLLLL.."
        ],
        "origin": [
            47,
            117
        ]
    },
    "115": {
        "town id": 115,
        "map": [
            "..LLLLLL..",
            "..........",
            "L........L",
            "L........L",
            "L........L",
            "L........L",
            "L........L",
            "L........L",
            "..........",
            "..LLLLLL.."
        ],
        "origin": [
            59,
            117
        ]
    },
    "116": {
        "town id": 116,
        "map": [
            "..LLLLLLL..",
            "...........",
            "L.........L",
            "L.........L",
            "L.........L",
            "L.........L",
            "L.........L",
            "L.........L",
            "...........",
            "..LLLLLLL.."
        ],
        "origin": [
            70,
            117
        ]
    },
    "117": {
        "town id": 117,
        "map": [
            "..LLLLLLL..",
            "...........",
            "L.........L",
            "L.........L",
            "L.........L",
            "L.........L",
            "L.........L",
            "L.........L",
            "...........",
            "..LLLLLLL.."
        ],
        "origin": [
            82,
            117
        ]
    },
    "118": {
        "town id": 118,
        "map": [
            "..LLLLLL..",
            "..........",
            "L........L",
            "L........L",
            "L........L",
            "L........L",
            "L........L",
            "L........L",
            "..........",
            "..LLLLLL.."
        ],
        "origin": [
            94,
            117
        ]
    },
    "119": {
        "town id": 119,
        "map": [
            "..LLLLLLL..",
            "...........",
            "L.........L",
            "L.........L",
            "L.........L",
            "L.........L",
            "L.........L",
            "L.........L",
            "...........",
            "..LLLLLLL.."
        ],
        "origin": [
            105,
            117
        ]
    },
    "120": {
        "town id": 120,
        "map": [
            "..LLLLLL..",
            "..........",
            "L........L",
            "L........L",
            "L........L",
            "L........L",
            "L........L",
            "L........L",
            "..........",
            "..LLLLLL.."
        ],
        "origin": [
            117,
            117
        ]
    }
}