{
  "col_v": [],
  "collision": null,
  "ggoal": {
    "11,20": [
      16
    ],
    "13,24": [
      50
    ],
    "13,3": [
      21
    ],
    "14,17": [
      22
    ],
    "14,27": [
      42
    ],
    "15,13": [
      25
    ],
    "15,7": [
      34
    ],
    "16,14": [
      33
    ],
    "16,16": [
      14
    ],
    "16,28": [
      39
    ],
    "17,18": [
      37
    ],
    "17,24": [
      23
    ],
    "18,15": [
      29
    ],
    "18,25": [
      8
    ],
    "20,1": [
      2
    ],
    "20,20": [
      10
    ],
    "20,22": [
      44
    ],
    "22,22": [
      41
    ],
    "22,30": [
      45
    ],
    "22,9": [
      9
    ],
    "23,23": [
      18
    ],
    "24,14": [
      30
    ],
    "24,18": [
      36
    ],
    "24,28": [
      15
    ],
    "25,15": [
      49
    ],
    "25,16": [
      20
    ],
    "26,13": [
      4
    ],
    "26,14": [
      31
    ],
    "26,4": [
      17
    ],
    "27,14": [
      43
    ],
    "27,17": [
      19
    ],
    "27,6": [
      27
    ],
    "28,18": [
      3
    ],
    "29,2": [
      28
    ],
    "3,13": [
      26
    ],
    "3,6": [
      5
    ],
    "30,9": [
      6
    ],
    "4,15": [
      47
    ],
    "4,27": [
      11
    ],
    "4,5": [
      38
    ],
    "5,26": [
      48
    ],
    "6,13": [
      46
    ],
    "6,5": [
      12
    ],
    "7,24": [
      1
    ],
    "7,27": [
      40
    ],
    "7,5": [
      32
    ],
    "8,23": [
      35
    ],
    "9,1": [
      13
    ],
    "9,22": [
      24
    ],
    "9,30": [
      7
    ]
  },
  "lockin": {
    "20,18": [
      29
    ]
  },
  "lockout": {
    "7,20": [
      29
    ]
  },
  "pivots": null,
  "v": {
    "1,2": [
      18
    ],
    "1,8": [
      8
    ],
    "11,8": [
      33
    ],
    "12,1": [
      14
    ],
    "13,26": [
      10
    ],
    "14,26": [
      13
    ],
    "14,6": [
      7
    ],
    "15,15": [
      1
    ],
    "15,5": [
      22
    ],
    "16,26": [
      32
    ],
    "16,5": [
      35
    ],
    "16,6": [
      19
    ],
    "17,17": [
      17
    ],
    "17,26": [
      30
    ],
    "17,27": [
      27
    ],
    "18,16": [
      50
    ],
    "18,28": [
      45
    ],
    "19,11": [
      48
    ],
    "19,18": [
      41
    ],
    "19,24": [
      40
    ],
    "2,30": [
      23
    ],
    "20,8": [
      9
    ],
    "24,14": [
      31
    ],
    "24,19": [
      34
    ],
    "25,13": [
      2
    ],
    "25,16": [
      24
    ],
    "25,28": [
      6
    ],
    "25,4": [
      20
    ],
    "25,6": [
      4
    ],
    "25,7": [
      3
    ],
    "26,24": [
      44
    ],
    "26,4": [
      28
    ],
    "27,16": [
      26
    ],
    "28,5": [
      5
    ],
    "29,13": [
      36
    ],
    "29,24": [
      25
    ],
    "3,19": [
      42
    ],
    "3,26": [
      39
    ],
    "30,29": [
      46
    ],
    "4,4": [
      38
    ],
    "5,18": [
      43
    ],
    "5,25": [
      21
    ],
    "5,26": [
      15
    ],
    "6,13": [
      16
    ],
    "6,15": [
      37
    ],
    "6,16": [
      49
    ],
    "6,27": [
      12
    ],
    "7,16": [
      47
    ],
    "7,29": [
      11
    ],
    "8,18": [
      29
    ]
  }
}
