{
    "0": {
        "town id": 0,
        "map": [
            "..LLLLLLLLLLLLL..",
            ".................",
            "L...............L",
            "L...............L",
            "L...............L",
            "L...............L",
            "L...............L",
            "L...............L",
            "L...............L",
            "L...............L",
            "L...............L",
            "L...............L",
            "L...............L",
            "L...............L",
            "L...............L",
            ".................",
            "..LLLLLLLLLLLLL.."
        ],
        "origin": [
            1,
            1
        ]
    },
    "1": {
        "town id": 1,
        "map": [
            "..LLLLLLLLLLLLLL..",
            "..................",
            "L................L",
            "L................L",
            "L................L",
            "L................L",
            "L................L",
            "L................L",
            "L................L",
            "L................L",
            "L................L",
            "L................L",
            "L................L",
            "L................L",
            "L................L",
            "..................",
            "..LLLLLLLLLLLLLL.."
        ],
        "origin": [
            19,
            1
        ]
    },
    "2": {
        "town id": 2,
        "map": [
            "..LLLLLLLLLLLLL..",
            ".................",
            "L...............L",
            "L...............L",
            "L...............L",
            "L...............L",
            "L...............L",
            "L...............L",
            "L...............L",
            "L...............L",
            "L...............L",
            "L...............L",
            "L...............L",
            "L...............L",
            "L...............L",
            ".................",
            "..LLLLLLLLLLLLL.."
        ],
        "origin": [
            38,
            1
        ]
    },
    "3": {
        "town id": 3,
        "map": [
            "..LLLLLLLLLLLLLL..",
            "..................",
            "L................L",
            "L................L",
            "L................L",
            "L................L",
            "L................L",
            "L................L",
            "L................L",
            "L................L",
            "L................L",
            "L................L",
            "L................L",
            "L................L",
            "L................L",
            "..................",
            "..LLLLLLLLLLLLLL.."
        ],
        "origin": [
            56,
            1
        ]
    },
    "4": {
        "town id": 4,
        "map": [
            "..LLLLLLLLLLLLL..",
            ".................",
            "L...............L",
            "L...............L",
            "L...............L",
            "L...............L",
            "L...............L",
            "L...............L",
            "L...............L",
            "L...............L",
            "L...............L",
            "L...............L",
            "L...............L",
            "L...............L",
            "L...............L",
            ".................",
            "..LLLLLLLLLLLLL.."
        ],
        "origin": [
            75,
            1
        ]
    },
    "5": {
        "town id": 5,
        "map": [
            "..LLLLLLLLLLLLLL..",
            "..................",
            "L................L",
            "L................L",
            "L................L",
            "L................L",
            "L................L",
            "L................L",
            "L................L",
            "L................L",
            "L................L",
            "L................L",
            "L................L",
            "L................L",
            "L................L",
            "..................",
            "..LLLLLLLLLLLLLL.."
        ],
        "origin": [
            93,
            1
        ]
    },
    "6": {
        "town id": 6,
        "map": [
            "..LLLLLLLLLLL..",
            "...............",
            "L.............L",
            "L.............L",
            "L.............L",
            "L.............L",
            "L.............L",
            "L.............L",
            "L.............L",
            "L.............L",
            "L.............L",
            "L.............L",
            "L.............L",
            "L.............L",
            "L.............L",
            "...............",
            "..LLLLLLLLLLL.."
        ],
        "origin": [
            112,
            1
        ]
    },
    "7": {
        "town id": 7,
        "map": [
            "..LLLLLLLLLLLLL..",
            ".................",
            "L...............L",
            "L...............L",
            "L...............L",
            "L...............L",
            "L...............L",
            "L...............L",
            "L...............L",
            "L...............L",
            "L...............L",
            "L...............L",
            "L...............L",
            "L...............L",
            "L...............L",
            "L...............L",
            ".................",
            "..LLLLLLLLLLLLL.."
        ],
        "origin": [
            1,
            19
        ]
    },
    "8": {
        "town id": 8,
        "map": [
            "..LLLLLLLLLLLLLL..",
            "..................",
            "L................L",
            "L................L",
            "L................L",
            "L................L",
            "L................L",
            "L................L",
            "L................L",
            "L................L",
            "L................L",
            "L................L",
            "L................L",
            "L................L",
            "L................L",
            "L................L",
            "..................",
            "..LLLLLLLLLLLLLL.."
        ],
        "origin": [
            19,
            19
        ]
    },
    "9": {
        "town id": 9,
        "map": [
            "..LLLLLLLLLLLLL..",
            ".................",
            "L...............L",
            "L...............L",
            "L...............L",
            "L...............L",
            "L...............L",
            "L...............L",
            "L...............L",
            "L...............L",
            "L...............L",
            "L...............L",
            "L...............L",
            "L...............L",
            "L...............L",
            "L...............L",
            ".................",
            "..LLLLLLLLLLLLL.."
        ],
        "origin": [
            38,
            19
        ]
    },
    "10": {
        "town id": 10,
        "map": [
            "..LLLLLLLLLLLLLL..",
            "..................",
            "L................L",
            "L................L",
            "L................L",
            "L................L",
            "L................L",
            "L................L",
            "L................L",
            "L................L",
            "L................L",
            "L................L",
            "L................L",
            "L................L",
            "L................L",
            "L................L",
            "..................",
            "..LLLLLLLLLLLLLL.."
        ],
        "origin": [
            56,
            19
        ]
    },
    "11": {
        "town id": 11,
        "map": [
            "..LLLLLLLLLLLLL..",
            ".................",
            "L...............L",
            "L...............L",
            "L...............L",
            "L...............L",
            "L...............L",
            "L...............L",
            "L...............L",
            "L...............L",
            "L...............L",
            "L...............L",
            "L...............L",
            "L...............L",
            "L...............L",
            "L...............L",
            ".................",
            "..LLLLLLLLLLLLL.."
        ],
        "origin": [
            75,
            19
        ]
    },
    "12": {
        "town id": 12,
        "map": [
            "..LLLLLLLLLLLLLL..",
            "..................",
            "L................L",
            "L................L",
            "L................L",
            "L................L",
            "L................L",
            "L................L",
            "L................L",
            "L................L",
            "L................L",
            "L................L",
            "L................L",
            "L................L",
            "L................L",
            "L................L",
            "..................",
            "..LLLLLLLLLLLLLL.."
        ],
        "origin": [
            93,
            19
        ]
    },
    "13": {
        "town id": 13,
        "map": [
            "..LLLLLLLLLLL..",
            "...............",
            "L.............L",
            "L.............L",
            "L.............L",
            "L.............L",
            "L.............L",
            "L.............L",
            "L.............L",
            "L.............L",
            "L.............L",
            "L.............L",
            "L.............L",
            "L.............L",
            "L.............L",
            "L.............L",
            "...............",
            "..LLLLLLLLLLL.."
        ],
        "origin": [
            112,
            19
        ]
    },
    "14": {
        "town id": 14,
        "map": [
            "..LLLLLLLLLLLLL..",
            ".................",
            "L...............L",
            "L...............L",
            "L...............L",
            "L...............L",
            "L...............L",
            "L...............L",
            "L...............L",
            "L...............L",
            "L...............L",
            "L...............L",
            "L...............L",
            "L...............L",
            "L...............L",
            ".................",
            "..LLLLLLLLLLLLL.."
        ],
        "origin": [
            1,
            38
        ]
    },
    "15": {
        "town id": 15,
        "map": [
            "..LLLLLLLLLLLLLL..",
            "..................",
            "L................L",
            "L................L",
            "L................L",
            "L................L",
            "L................L",
            "L................L",
            "L................L",
            "L................L",
            "L................L",
            "L................L",
            "L................L",
            "L................L",
            "L................L",
            "..................",
            "..LLLLLLLLLLLLLL.."
        ],
        "origin": [
            19,
            38
        ]
    },
    "16": {
        "town id": 16,
        "map": [
            "..LLLLLLLLLLLLL..",
            ".................",
            "L...............L",
            "L...............L",
            "L...............L",
            "L...............L",
            "L...............L",
            "L...............L",
            "L...............L",
            "L...............L",
            "L...............L",
            "L...............L",
            "L...............L",
            "L...............L",
            "L...............L",
            ".................",
            "..LLLLLLLLLLLLL.."
        ],
        "origin": [
            38,
            38
        ]
    },
    "17": {
        "town id": 17,
        "map": [
            "..LLLLLLLLLLLLLL..",
            "..................",
            "L................L",
            "L................L",
            "L................L",
            "L................L",
            "L................L",
            "L................L",
            "L................L",
            "L................L",
            "L................L",
            "L................L",
            "L................L",
            "L................L",
            "L................L",
            "..................",
            "..LLLLLLLLLLLLLL.."
        ],
        "origin": [
            56,
            38
        ]
    },
    "18": {
        "town id": 18,
        "map": [
            "..LLLLLLLLLLLLL..",
            ".................",
            "L...............L",
            "L...............L",
            "L...............L",
            "L...............L",
            "L...............L",
            "L...............L",
            "L...............L",
            "L...............L",
            "L...............L",
            "L...............L",
            "L...............L",
            "L...............L",
            "L...............L",
            ".................",
            "..LLLLLLLLLLLLL.."
        ],
        "origin": [
            75,
            38
        ]
    },
    "19": {
        "town id": 19,
        "map": [
            "..LLLLLLLLLLLLLL..",
            "..................",
            "L................L",
            "L................L",
            "L................L",
            "L................L",
            "L................L",
            "L................L",
            "L................L",
            "L................L",
            "L................L",
            "L................L",
            "L................L",
            "L................L",
            "L................L",
            "..................",
            "..LLLLLLLLLLLLLL.."
        ],
        "origin": [
            93,
            38
        ]
    },
    "20": {
        "town id": 20,
        "map": [
            "..LLLLLLLLLLL..",
            "...............",
            "L.............L",
            "L.............L",
            "L.............L",
            "L.............L",
            "L.............L",
            "L.............L",
            "L.............L",
            "L.............L",
            "L.............L",
            "L.............L",
            "L.............L",
            "L.............L",
            "L.............L",
            "...............",
            "..LLLLLLLLLLL.."
        ],
        "origin": [
            112,
            38
        ]
    },
    "21": {
        "town id": 21,
        "map": [
            "..LLLLLLLLLLLLL..",
            ".................",
            "L...............L",
            "L...............L",
            "L...............L",
            "L...............L",
            "L...............L",
            "L...............L",
            "L...............L",
            "L...............L",
            "L...............L",
            "L...............L",
            "L...............L",
            "L...............L",
            "L...............L",
            "L...............L",
            ".................",
            "..LLLLLLLLLLLLL.."
        ],
        "origin": [
            1,
            56
        ]
    },
    "22": {
        "town id": 22,
        "map": [
            "..LLLLLLLLLLLLLL..",
            "..................",
            "L................L",
            "L................L",
            "L................L",
            "L................L",
            "L................L",
            "L................L",
            "L................L",
            "L................L",
            "L................L",
            "L................L",
            "L................L",
            "L................L",
            "L................L",
            "L................L",
            "..................",
            "..LLLLLLLLLLLLLL.."
        ],
        "origin": [
            19,
            56
        ]
    },
    "23": {
        "town id": 23,
        "map": [
            "..LLLLLLLLLLLLL..",
            ".................",
            "L...............L",
            "L...............L",
            "L...............L",
            "L...............L",
            "L...............L",
            "L...............L",
            "L...............L",
            "L...............L",
            "L...............L",
            "L...............L",
            "L...............L",
            "L...............L",
            "L...............L",
            "L...............L",
            ".................",
            "..LLLLLLLLLLLLL.."
        ],
        "origin": [
            38,
            56
        ]
    },
    "24": {
        "town id": 24,
        "map": [
            "..LLLLLLLLLLLLLL..",
            "..................",
            "L................L",
            "L................L",
            "L................L",
            "L................L",
            "L................L",
            "L................L",
            "L................L",
            "L................L",
            "L................L",
            "L................L",
            "L................L",
            "L................L",
            "L................L",
            "L................L",
            "..................",
            "..LLLLLLLLLLLLLL.."
        ],
        "origin": [
            56,
            56
        ]
    },
    "25": {
        "town id": 25,
        "map": [
            "..LLLLLLLLLLLLL..",
            ".................",
            "L...............L",
            "L...............L",
            "L...............L",
            "L...............L",
            "L...............L",
            "L...............L",
            "L...............L",
            "L...............L",
            "L...............L",
            "L...............L",
            "L...............L",
            "L...............L",
            "L...............L",
            "L...............L",
            ".................",
            "..LLLLLLLLLLLLL.."
        ],
        "origin": [
            75,
            56
        ]
    },
    "26": {
        "town id": 26,
        "map": [
            "..LLLLLLLLLLLLLL..",
            "..................",
            "L................L",
            "L................L",
            "L................L",
            "L................L",
            "L................L",
            "L................L",
            "L................L",
            "L................L",
            "L................L",
            "L................L",
            "L................L",
            "L................L",
            "L................L",
            "L................L",
            "..................",
            "..LLLLLLLLLLLLLL.."
        ],
        "origin": [
            93,
            56
        ]
    },
    "27": {
        "town id": 27,
        "map": [
            "..LLLLLLLLLLL..",
            "...............",
            "L.............L",
            "L.............L",
            "L.............L",
            "L.............L",
            "L.............L",
            "L.............L",
            "L.............L",
            "L.............L",
            "L.............L",
            "L.............L",
            "L.............L",
            "L.............L",
            "L.............L",
            "L.............L",
            "...............",
            "..LLLLLLLLLLL.."
        ],
        "origin": [
            112,
            56
        ]
    },
    "28": {
        "town id": 28,
        "map": [
            "..LLLLLLLLLLLLL..",
            ".................",
            "L...............L",
            "L...............L",
            "L...............L",
            "L...............L",
            "L...............L",
            "L...............L",
            "L...............L",
            "L...............L",
            "L...............L",
            "L...............L",
            "L...............L",
            "L...............L",
            "L...............L",
            ".................",
            "..LLLLLLLLLLLLL.."
        ],
        "origin": [
            1,
            75
        ]
    },
    "29": {
        "town id": 29,
        "map": [
            "..LLLLLLLLLLLLLL..",
            "..................",
            "L................L",
            "L................L",
            "L................L",
            "L................L",
            "L................L",
            "L................L",
            "L................L",
            "L................L",
            "L................L",
            "L................L",
            "L................L",
            "L................L",
            "L................L",
            "..................",
            "..LLLLLLLLLLLLLL.."
        ],
        "origin": [
            19,
            75
        ]
    },
    "30": {
        "town id": 30,
        "map": [
            "..LLLLLLLLLLLLL..",
            ".................",
            "L...............L",
            "L...............L",
            "L...............L",
            "L...............L",
            "L...............L",
            "L...............L",
            "L...............L",
            "L...............L",
            "L...............L",
            "L...............L",
            "L...............L",
            "L...............L",
            "L...............L",
            ".................",
            "..LLLLLLLLLLLLL.."
        ],
        "origin": [
            38,
            75
        ]
    },
    "31": {
        "town id": 31,
        "map": [
            "..LLLLLLLLLLLLLL..",
            "..................",
            "L................L",
            "L................L",
            "L................L",
            "L................L",
            "L................L",
            "L................L",
            "L................L",
            "L................L",
            "L................L",
            "L................L",
            "L................L",
            "L................L",
            "L................L",
            "..................",
            "..LLLLLLLLLLLLLL.."
        ],
        "origin": [
            56,
            75
        ]
    },
    "32": {
        "town id": 32,
        "map": [
            "..LLLLLLLLLLLLL..",
            ".................",
            "L...............L",
            "L...............L",
            "L...............L",
            "L...............L",
            "L...............L",
            "L...............L",
            "L...............L",
            "L...............L",
            "L...............L",
            "L...............L",
            "L...............L",
            "L...............L",
            "L...............L",
            ".................",
            "..LLLLLLLLLLLLL.."
        ],
        "origin": [
            75,
            75
        ]
    },
    "33": {
        "town id": 33,
        "map": [
            "..LLLLLLLLLLLLLL..",
            "..................",
            "L................L",
            "L................L",
            "L................L",
            "L................L",
            "L................L",
            "L................L",
            "L................L",
            "L................L",
            "L................L",
            "L................L",
            "L................L",
            "L................L",
            "L................L",
            "..................",
            "..LLLLLLLLLLLLLL.."
        ],
        "origin": [
            93,
            75
        ]
    },
    "34": {
        "town id": 34,
        "map": [
            "..LLLLLLLLLLL..",
            "...............",
            "L.............L",
            "L.............L",
            "L.............L",
            "L.............L",
            "L.............L",
            "L.............L",
            "L.............L",
            "L.............L",
            "L.............L",
            "L.............L",
            "L.............L",
            "L.............L",
            "L.............L",
            "...............",
            "..LLLLLLLLLLL.."
        ],
        "origin": [
            112,
            75
        ]
    },
    "35": {
        "town id": 35,
        "map": [
            "..LLLLLLLLLLLLL..",
            ".................",
            "L...............L",
            "L...............L",
            "L...............L",
            "L...............L",
            "L...............L",
            "L...............L",
            "L...............L",
            "L...............L",
            "L...............L",
            "L...............L",
            "L...............L",
            "L...............L",
            "L...............L",
            "L...............L",
            ".................",
            "..LLLLLLLLLLLLL.."
        ],
        "origin": [
            1,
            93
        ]
    },
    "36": {
        "town id": 36,
        "map": [
            "..LLLLLLLLLLLLLL..",
            "..................",
            "L................L",
            "L................L",
            "L................L",
            "L................L",
            "L................L",
            "L................L",
            "L................L",
            "L................L",
            "L................L",
            "L................L",
            "L................L",
            "L................L",
            "L................L",
            "L................L",
            "..................",
            "..LLLLLLLLLLLLLL.."
        ],
        "origin": [
            19,
            93
        ]
    },
    "37": {
        "town id": 37,
        "map": [
            "..LLLLLLLLLLLLL..",
            ".................",
            "L...............L",
            "L...............L",
            "L...............L",
            "L...............L",
            "L...............L",
            "L...............L",
            "L...............L",
            "L...............L",
            "L...............L",
            "L...............L",
            "L...............L",
            "L...............L",
            "L...............L",
            "L...............L",
            ".................",
            "..LLLLLLLLLLLLL.."
        ],
        "origin": [
            38,
            93
        ]
    },
    "38": {
        "town id": 38,
        "map": [
            "..LLLLLLLLLLLLLL..",
            "..................",
            "L................L",
            "L................L",
            "L................L",
            "L................L",
            "L................L",
            "L................L",
            "L................L",
            "L................L",
            "L................L",
            "L................L",
            "L................L",
            "L................L",
            "L................L",
            "L................L",
            "..................",
            "..LLLLLLLLLLLLLL.."
        ],
        "origin": [
            56,
            93
        ]
    },
    "39": {
        "town id": 39,
        "map": [
            "..LLLLLLLLLLLLL..",
            ".................",
            "L...............L",
            "L...............L",
            "L...............L",
            "L...............L",
            "L...............L",
            "L...............L",
            "L...............L",
            "L...............L",
            "L...............L",
            "L...............L",
            "L...............L",
            "L...............L",
            "L...............L",
            "L...............L",
            ".................",
            "..LLLLLLLLLLLLL.."
        ],
        "origin": [
            75,
            93
        ]
    },
    "40": {
        "town id": 40,
        "map": [
            "..LLLLLLLLLLLLLL..",
            "..................",
            "L................L",
            "L................L",
            "L................L",
            "L................L",
            "L................L",
            "L................L",
            "L................L",
            "L................L",
            "L................L",
            "L................L",
            "L................L",
            "L................L",
            "L................L",
            "L................L",
            "..................",
            "..LLLLLLLLLLLLLL.."
        ],
        "origin": [
            93,
            93
        ]
    },
    "41": {
        "town id": 41,
        "map": [
            "..LLLLLLLLLLL..",
            "...............",
            "L.............L",
            "L.............L",
            "L.............L",
            "L.............L",
            "L.............L",
            "L.............L",
            "L.............L",
            "L.............L",
            "L.............L",
            "L.............L",
            "L.............L",
            "L.............L",
            "L.............L",
            "L.............L",
            "...............",
            "..LLLLLLLLLLL.."
        ],
        "origin": [
            112,
            93
        ]
    },
    "42": {
        "town id": 42,
        "map": [
            "..LLLLLLLLLLLLL..",
            ".................",
            "L...............L",
            "L...............L",
            "L...............L",
            "L...............L",
            "L...............L",
            "L...............L",
            "L...............L",
            "L...............L",
            "L...............L",
            "L...............L",
            "L...............L",
            ".................",
            "..LLLLLLLLLLLLL.."
        ],
        "origin": [
            1,
            112
        ]
    },
    "43": {
        "town id": 43,
        "map": [
            "..LLLLLLLLLLLLLL..",
            "..................",
            "L................L",
            "L................L",
            "L................L",
            "L................L",
            "L................L",
            "L................L",
            "L................L",
            "L................L",
            "L................L",
            "L................L",
            "L................L",
            "..................",
            "..LLLLLLLLLLLLLL.."
        ],
        "origin": [
            19,
            112
        ]
    },
    "44": {
        "town id": 44,
        "map": [
            "..LLLLLLLLLLLLL..",
            ".................",
            "L...............L",
            "L...............L",
            "L...............L",
            "L...............L",
            "L...............L",
            "L...............L",
            "L...............L",
            "L...............L",
            "L...............L",
            "L...............L",
            "L...............L",
            ".................",
            "..LLLLLLLLLLLLL.."
        ],
        "origin": [
            38,
            112
        ]
    },
    "45": {
        "town id": 45,
        "map": [
            "..LLLLLLLLLLLLLL..",
            "..................",
            "L................L",
            "L................L",
            "L................L",
            "L................L",
            "L................L",
            "L................L",
            "L................L",
            "L................L",
            "L................L",
            "L................L",
            "L................L",
            "..................",
            "..LLLLLLLLLLLLLL.."
        ],
        "origin": [
            56,
            112
        ]
    },
    "46": {
        "town id": 46,
        "map": [
            "..LLLLLLLLLLLLL..",
            ".................",
            "L...............L",
            "L...............L",
            "L...............L",
            "L...............L",
            "L...............L",
            "L...............L",
            "L...............L",
            "L...............L",
            "L...............L",
            "L...............L",
            "L...............L",
            ".................",
            "..LLLLLLLLLLLLL.."
        ],
        "origin": [
            75,
            112
        ]
    },
    "47": {
        "town id": 47,
        "map": [
            "..LLLLLLLLLLLLLL..",
            "..................",
            "L................L",
            "L................L",
            "L................L",
            "L................L",
            "L................L",
            "L................L",
            "L................L",
            "L................L",
            "L................L",
            "L................L",
            "L................L",
            "..................",
            "..LLLLLLLLLLLLLL.."
        ],
        "origin": [
            93,
            112
        ]
    },
    "48": {
        "town id": 48,
        "map": [
            "..LLLLLLLLLLL..",
            "...............",
            "L.............L",
            "L.............L",
            "L.............L",
            "L.............L",
            "L.............L",
            "L.............L",
            "L.............L",
            "L.............L",
            "L.............L",
            "L.............L",
            "L.............L",
            "...............",
            "..LLLLLLLLLLL.."
        ],
        "origin": [
            112,
            112
        ]
    }
}