{
    "0": {
        "town id": 0,
        "map": [
            "..LLLLL..",
            ".........",
            "L.......L",
            "L.......L",
            "L.......L",
            "L.......L",
            "L.......L",
            ".........",
            "..LLLLL.."
        ],
        "origin": [
            1,
            1
        ]
    },
    "1": {
        "town id": 1,
        "map": [
            "..LLLLLL..",
            "..........",
            "L........L",
            "L........L",
            "L........L",
            "L........L",
            "L........L",
            "..........",
            "..LLLLLL.."
        ],
        "origin": [
            11,
            1
        ]
    },
    "2": {
        "town id": 2,
        "map": [
            "..LLLLL..",
            ".........",
            "L.......L",
            "L.......L",
            "L.......L",
            "L.......L",
            "L.......L",
            ".........",
            "..LLLLL.."
        ],
        "origin": [
            22,
            1
        ]
    },
    "3": {
        "town id": 3,
        "map": [
            "..LLLLL..",
            ".........",
            "L.......L",
            "L.......L",
            "L.......L",
            "L.......L",
            "L.......L",
            "L.......L",
            ".........",
            "..LLLLL.."
        ],
        "origin": [
            1,
            11
        ]
    },
    "4": {
        "town id": 4,
        "map": [
            "..LLLLLL..",
            "..........",
            "L........L",
            "L........L",
            "L........L",
            "L........L",
            "L........L",
            "L........L",
            "..........",
            "..LLLLLL.."
        ],
        "origin": [
            11,
            11
        ]
    },
    "5": {
        "town id": 5,
        "map": [
            "..LLLLL..",
            ".........",
            "L.......L",
            "L.......L",
            "L.......L",
            "L.......L",
            "L.......L",
            "L.......L",
            ".........",
            "..LLLLL.."
        ],
        "origin": [
            22,
            11
        ]
    },
    "6": {
        "town id": 6,
        "map": [
            "..LLLLL..",
            ".........",
            "L.......L",
            "L.......L",
            "L.......L",
            "L.......L",
            "L.......L",
            ".........",
            "..LLLLL.."
        ],
        "origin": [
            1,
            22
        ]
    },
    "7": {
        "town id": 7,
        "map": [
            "..LLLLLL..",
            "..........",
            "L........L",
            "L........L",
            "L........L",
            "L........L",
            "L........L",
            "..........",
            "..LLLLLL.."
        ],
        "origin": [
            11,
            22
        ]
    },
    "8": {
        "town id": 8,
        "map": [
            "..LLLLL..",
            ".........",
            "L.......L",
            "L.......L",
            "L.......L",
            "L.......L",
            "L.......L",
            ".........",
            "..LLLLL.."
        ],
        "origin": [
            22,
            22
        ]
    }
}