{
"g_map": [
"IwwwwwwwwwIwwwwwwwwwwIwwwwwwwwwI",
"s``LLLLL``n``LLLLLL``s``LLLLL``n",
"s`````````n``````````s`````````n",
"sL```````LnL````````LsL```````Ln",
"sL```````LnL````````LsL```````Ln",
"sL```````LnL````````LsL```````Ln",
"sL```````LnL````````LsL```````Ln",
"sL```````LnL````````LsL```````Ln",
"s`````````n``````````s`````````n",
"s``LLLLL``n``LLLLLL``s``LLLLL``n",
"IeeeeeeeeeIeeeeeeeeeeIeeeeeeeeeI",
"s``LLLLL``n``LLLLLL``s``LLLLL``n",
"s`````````n``````````s`````````n",
"sL```````LnL````````LsL```````Ln",
"sL```````LnL````````LsL```````Ln",
"sL```````LnL````````LsL```````Ln",
"sL```````LnL````````LsL```````Ln",
"sL```````LnL````````LsL```````Ln",
"sL```````LnL````````LsL```````Ln",
"s`````````n``````````s`````````n",
"s``LLLLL``n``LLLLLL``s``LLLLL``n",
"IwwwwwwwwwIwwwwwwwwwwIwwwwwwwwwI",
"s``LLLLL``n``LLLLLL``s``LLLLL``n",
"s`````````n``````````s`````````n",
"sL```````LnL````````LsL```````Ln",
"sL```````LnL````````LsL```````Ln",
"sL```````LnL````````LsL```````Ln",
"sL```````LnL````````LsL```````Ln",
"sL```````LnL````````LsL```````Ln",
"s`````````n``````````s`````````n",
"s``LLLLL``n``LLLLLL``s``LLLLL``n",
"IeeeeeeeeeIeeeeeeeeeeIeeeeeeeeeI"
],
"vtype_to_p_id": {
"`": "LightSlateGray",
"s": "#D4E7EE",
"n": "#DFEED4",
"e": "#EEE6D4",
"w": "#E0D4EE",
"I": "#CCCCFF",
"L": "#EDEED4"
},
"annotation": [
"IwwwwwwwwwIwwwwwwwwwwIwwwwwwwwwI",
"s``LLLLL``n``LLLLLL``s``LLLLL``n",
"s`````````n``````````s`````````n",
"sL```````LnL````````LsL```````Ln",
"sL```````LnL````````LsL```````Ln",
"sL```````LnL````````LsL```````Ln",
"sL```````LnL````````LsL```````Ln",
"sL```````LnL````````LsL```````Ln",
"s`````````n``````````s`````````n",
"s``LLLLL``n``LLLLLL``s``LLLLL``n",
"IeeeeeeeeeIeeeeeeeeeeIeeeeeeeeeI",
"s``LLLLL``n``LLLLLL``s``LLLLL``n",
"s`````````n``````````s`````````n",
"sL```````LnL````````LsL```````Ln",
"sL```````LnL````````LsL```````Ln",
"sL```````LnL````````LsL```````Ln",
"sL```````LnL````````LsL```````Ln",
"sL```````LnL````````LsL```````Ln",
"sL```````LnL````````LsL```````Ln",
"s`````````n``````````s`````````n",
"s``LLLLL``n``LLLLLL``s``LLLLL``n",
"IwwwwwwwwwIwwwwwwwwwwIwwwwwwwwwI",
"s``LLLLL``n``LLLLLL``s``LLLLL``n",
"s`````````n``````````s`````````n",
"sL```````LnL````````LsL```````Ln",
"sL```````LnL````````LsL```````Ln",
"sL```````LnL````````LsL```````Ln",
"sL```````LnL````````LsL```````Ln",
"sL```````LnL````````LsL```````Ln",
"s`````````n``````````s`````````n",
"s``LLLLL``n``LLLLLL``s``LLLLL``n",
"IeeeeeeeeeIeeeeeeeeeeIeeeeeeeeeI"
]
}